<?xml version="1.0" encoding="UTF-8"?><MD_Metadata xmlns:xlink="http://www.w3.org/1999/xlink" xmlns:srv="http://www.isotc211.org/2005/srv" xmlns:gts="http://www.isotc211.org/2005/gts" xmlns:xalan="http://xml.apache.org/xalan" xmlns:gco="http://www.isotc211.org/2005/gco" xmlns:gml="http://www.opengis.net/gml" xmlns:xsi="http://www.w3.org/2001/XMLSchema-instance" xmlns="http://www.isotc211.org/2005/gmd">
<characterSet>
<MD_CharacterSetCode codeList="http://www.isotc211.org/2005/resources/Codelist/gmxCodelists.xml#MD_CharacterSetCode" codeListValue="utf8" codeSpace="ISOTC211/19115">utf8</MD_CharacterSetCode>
</characterSet>
<hierarchyLevel>
<MD_ScopeCode codeList="http://www.isotc211.org/2005/resources/Codelist/gmxCodelists.xml#MD_ScopeCode" codeListValue="dataset" codeSpace="ISOTC211/19115">dataset</MD_ScopeCode>
</hierarchyLevel>
<hierarchyLevelName>
<gco:CharacterString>dataset</gco:CharacterString>
</hierarchyLevelName>
<contact gco:nilReason="missing"/>
<dateStamp gco:nilReason="missing"/>
<metadataStandardName>
<gco:CharacterString>ISO 19139 Geographic Information - Metadata - Implementation Specification</gco:CharacterString>
</metadataStandardName>
<metadataStandardVersion>
<gco:CharacterString>2007</gco:CharacterString>
</metadataStandardVersion>
<identificationInfo>
<MD_DataIdentification>
<citation gco:nilReason="missing"/>
<abstract>
<gco:CharacterString>City limit boundaries are maintained to enable the classification of roadway inventory attributes, satisfy federal and state roadway reporting requirements, and serve as a base layer for TxDOT's cartographic products. The data was created by the Transportation Planning and Programming Division of TxDOT in the Data Analysis, Mapping and Reporting Branch. City governments submit updates to their city limits as changes are made.Update Frequency: PeriodicallySecurity Level: Public</gco:CharacterString>
</abstract>
<purpose>
<gco:CharacterString>Polygon layer of Texas city boundaries.</gco:CharacterString>
</purpose>
<credit>
<gco:CharacterString>TxDOT – TPP – Data Management TPP-GIS@txdot.gov</gco:CharacterString>
</credit>
<descriptiveKeywords>
<MD_Keywords>
<keyword>
<gco:CharacterString>Texas</gco:CharacterString>
</keyword>
<keyword>
<gco:CharacterString>TxDOT</gco:CharacterString>
</keyword>
<keyword>
<gco:CharacterString>TPP</gco:CharacterString>
</keyword>
<keyword>
<gco:CharacterString>Incorporated City Limits</gco:CharacterString>
</keyword>
<keyword>
<gco:CharacterString>Boundary</gco:CharacterString>
</keyword>
<keyword>
<gco:CharacterString>Boundaries</gco:CharacterString>
</keyword>
<keyword>
<gco:CharacterString>Political</gco:CharacterString>
</keyword>
<keyword>
<gco:CharacterString>Society</gco:CharacterString>
</keyword>
<keyword>
<gco:CharacterString>Planning</gco:CharacterString>
</keyword>
<keyword>
<gco:CharacterString>City</gco:CharacterString>
</keyword>
</MD_Keywords>
</descriptiveKeywords>
<descriptiveKeywords>
<MD_Keywords>
<keyword>
<gco:CharacterString>Texas</gco:CharacterString>
</keyword>
<keyword>
<gco:CharacterString>TxDOT</gco:CharacterString>
</keyword>
<keyword>
<gco:CharacterString>TPP</gco:CharacterString>
</keyword>
<keyword>
<gco:CharacterString>Incorporated City Limits</gco:CharacterString>
</keyword>
<keyword>
<gco:CharacterString>Boundary</gco:CharacterString>
</keyword>
<keyword>
<gco:CharacterString>Boundaries</gco:CharacterString>
</keyword>
<keyword>
<gco:CharacterString>Political</gco:CharacterString>
</keyword>
<keyword>
<gco:CharacterString>Society</gco:CharacterString>
</keyword>
<keyword>
<gco:CharacterString>Planning</gco:CharacterString>
</keyword>
<keyword>
<gco:CharacterString>City</gco:CharacterString>
</keyword>
</MD_Keywords>
</descriptiveKeywords>
<descriptiveKeywords>
<MD_Keywords>
<keyword>
<gco:CharacterString>Texas</gco:CharacterString>
</keyword>
<keyword>
<gco:CharacterString>TxDOT</gco:CharacterString>
</keyword>
<keyword>
<gco:CharacterString>TPP</gco:CharacterString>
</keyword>
<keyword>
<gco:CharacterString>Incorporated City Limits</gco:CharacterString>
</keyword>
<keyword>
<gco:CharacterString>Boundary</gco:CharacterString>
</keyword>
<keyword>
<gco:CharacterString>Boundaries</gco:CharacterString>
</keyword>
<keyword>
<gco:CharacterString>Political</gco:CharacterString>
</keyword>
<keyword>
<gco:CharacterString>Society</gco:CharacterString>
</keyword>
<keyword>
<gco:CharacterString>Planning</gco:CharacterString>
</keyword>
<keyword>
<gco:CharacterString>City</gco:CharacterString>
</keyword>
</MD_Keywords>
</descriptiveKeywords>
<descriptiveKeywords>
<MD_Keywords>
<keyword>
<gco:CharacterString>Texas</gco:CharacterString>
</keyword>
<keyword>
<gco:CharacterString>TxDOT</gco:CharacterString>
</keyword>
<keyword>
<gco:CharacterString>TPP</gco:CharacterString>
</keyword>
<keyword>
<gco:CharacterString>Incorporated City Limits</gco:CharacterString>
</keyword>
<keyword>
<gco:CharacterString>Boundary</gco:CharacterString>
</keyword>
<keyword>
<gco:CharacterString>Boundaries</gco:CharacterString>
</keyword>
<keyword>
<gco:CharacterString>Political</gco:CharacterString>
</keyword>
<keyword>
<gco:CharacterString>Society</gco:CharacterString>
</keyword>
<keyword>
<gco:CharacterString>Planning</gco:CharacterString>
</keyword>
<keyword>
<gco:CharacterString>City</gco:CharacterString>
</keyword>
</MD_Keywords>
</descriptiveKeywords>
<descriptiveKeywords>
<MD_Keywords>
<keyword>
<gco:CharacterString>Texas</gco:CharacterString>
</keyword>
<keyword>
<gco:CharacterString>TxDOT</gco:CharacterString>
</keyword>
<keyword>
<gco:CharacterString>TPP</gco:CharacterString>
</keyword>
<keyword>
<gco:CharacterString>Incorporated City Limits</gco:CharacterString>
</keyword>
<keyword>
<gco:CharacterString>Boundary</gco:CharacterString>
</keyword>
<keyword>
<gco:CharacterString>Boundaries</gco:CharacterString>
</keyword>
<keyword>
<gco:CharacterString>Political</gco:CharacterString>
</keyword>
<keyword>
<gco:CharacterString>Society</gco:CharacterString>
</keyword>
<keyword>
<gco:CharacterString>Planning</gco:CharacterString>
</keyword>
<keyword>
<gco:CharacterString>City</gco:CharacterString>
</keyword>
</MD_Keywords>
</descriptiveKeywords>
<descriptiveKeywords>
<MD_Keywords>
<keyword>
<gco:CharacterString>Texas</gco:CharacterString>
</keyword>
<keyword>
<gco:CharacterString>TxDOT</gco:CharacterString>
</keyword>
<keyword>
<gco:CharacterString>TPP</gco:CharacterString>
</keyword>
<keyword>
<gco:CharacterString>Incorporated City Limits</gco:CharacterString>
</keyword>
<keyword>
<gco:CharacterString>Boundary</gco:CharacterString>
</keyword>
<keyword>
<gco:CharacterString>Boundaries</gco:CharacterString>
</keyword>
<keyword>
<gco:CharacterString>Political</gco:CharacterString>
</keyword>
<keyword>
<gco:CharacterString>Society</gco:CharacterString>
</keyword>
<keyword>
<gco:CharacterString>Planning</gco:CharacterString>
</keyword>
<keyword>
<gco:CharacterString>City</gco:CharacterString>
</keyword>
</MD_Keywords>
</descriptiveKeywords>
<descriptiveKeywords>
<MD_Keywords>
<keyword>
<gco:CharacterString>Texas</gco:CharacterString>
</keyword>
<keyword>
<gco:CharacterString>TxDOT</gco:CharacterString>
</keyword>
<keyword>
<gco:CharacterString>TPP</gco:CharacterString>
</keyword>
<keyword>
<gco:CharacterString>Incorporated City Limits</gco:CharacterString>
</keyword>
<keyword>
<gco:CharacterString>Boundary</gco:CharacterString>
</keyword>
<keyword>
<gco:CharacterString>Boundaries</gco:CharacterString>
</keyword>
<keyword>
<gco:CharacterString>Political</gco:CharacterString>
</keyword>
<keyword>
<gco:CharacterString>Society</gco:CharacterString>
</keyword>
<keyword>
<gco:CharacterString>Planning</gco:CharacterString>
</keyword>
<keyword>
<gco:CharacterString>City</gco:CharacterString>
</keyword>
</MD_Keywords>
</descriptiveKeywords>
<descriptiveKeywords>
<MD_Keywords>
<keyword>
<gco:CharacterString>Texas</gco:CharacterString>
</keyword>
<keyword>
<gco:CharacterString>TxDOT</gco:CharacterString>
</keyword>
<keyword>
<gco:CharacterString>TPP</gco:CharacterString>
</keyword>
<keyword>
<gco:CharacterString>Incorporated City Limits</gco:CharacterString>
</keyword>
<keyword>
<gco:CharacterString>Boundary</gco:CharacterString>
</keyword>
<keyword>
<gco:CharacterString>Boundaries</gco:CharacterString>
</keyword>
<keyword>
<gco:CharacterString>Political</gco:CharacterString>
</keyword>
<keyword>
<gco:CharacterString>Society</gco:CharacterString>
</keyword>
<keyword>
<gco:CharacterString>Planning</gco:CharacterString>
</keyword>
<keyword>
<gco:CharacterString>City</gco:CharacterString>
</keyword>
</MD_Keywords>
</descriptiveKeywords>
<descriptiveKeywords>
<MD_Keywords>
<keyword>
<gco:CharacterString>Texas</gco:CharacterString>
</keyword>
<keyword>
<gco:CharacterString>TxDOT</gco:CharacterString>
</keyword>
<keyword>
<gco:CharacterString>TPP</gco:CharacterString>
</keyword>
<keyword>
<gco:CharacterString>Incorporated City Limits</gco:CharacterString>
</keyword>
<keyword>
<gco:CharacterString>Boundary</gco:CharacterString>
</keyword>
<keyword>
<gco:CharacterString>Boundaries</gco:CharacterString>
</keyword>
<keyword>
<gco:CharacterString>Political</gco:CharacterString>
</keyword>
<keyword>
<gco:CharacterString>Society</gco:CharacterString>
</keyword>
<keyword>
<gco:CharacterString>Planning</gco:CharacterString>
</keyword>
<keyword>
<gco:CharacterString>City</gco:CharacterString>
</keyword>
</MD_Keywords>
</descriptiveKeywords>
<descriptiveKeywords>
<MD_Keywords>
<keyword>
<gco:CharacterString>Texas</gco:CharacterString>
</keyword>
<keyword>
<gco:CharacterString>TxDOT</gco:CharacterString>
</keyword>
<keyword>
<gco:CharacterString>TPP</gco:CharacterString>
</keyword>
<keyword>
<gco:CharacterString>Incorporated City Limits</gco:CharacterString>
</keyword>
<keyword>
<gco:CharacterString>Boundary</gco:CharacterString>
</keyword>
<keyword>
<gco:CharacterString>Boundaries</gco:CharacterString>
</keyword>
<keyword>
<gco:CharacterString>Political</gco:CharacterString>
</keyword>
<keyword>
<gco:CharacterString>Society</gco:CharacterString>
</keyword>
<keyword>
<gco:CharacterString>Planning</gco:CharacterString>
</keyword>
<keyword>
<gco:CharacterString>City</gco:CharacterString>
</keyword>
</MD_Keywords>
</descriptiveKeywords>
<resourceConstraints>
<MD_Constraints>
<useLimitation>
<gco:CharacterString>Copyright 2019. Texas Department of Transportation. This data was produced for internal use within the Texas Department of Transportation and is made available to the public for informational purposes only. Accuracy is limited to the validity of available data as of date published.</gco:CharacterString>
</useLimitation>
</MD_Constraints>
</resourceConstraints>
<language gco:nilReason="missing"/>
<characterSet>
<MD_CharacterSetCode codeList="http://www.isotc211.org/2005/resources/Codelist/gmxCodelists.xml#MD_CharacterSetCode" codeListValue="utf8" codeSpace="ISOTC211/19115">utf8</MD_CharacterSetCode>
</characterSet>
</MD_DataIdentification>
</identificationInfo>
</MD_Metadata>
